timestamp,persona,sequence,command,args
2026-01-17T08:15:28.863069,typeguard,025,login,"{'user': 'typeguard', 'password': '***', 'goals': ['First Login']}"
2026-01-17T08:16:12.167248,typeguard,025,roster list-personas,{}
2026-01-17T08:16:37.907254,typeguard,025,login,"{'user': 'typeguard', 'password': '***', 'goals': ['Second Login']}"
2026-01-17T08:53:32.894706,typeguard,025,skills list-skills,{}
2026-01-17T09:44:01.685020,typeguard,025,roster list-personas,{}
2026-01-17T10:16:06.456148,typeguard,025,roster list-personas,{}
2026-01-17T10:30:44.719314,typeguard,025,roster list-personas,{}
2026-01-17T10:38:57.697404,typeguard,025,roster list-personas,{}
2026-01-17T10:41:01.254566,typeguard,025,roster list-personas,{}
2026-01-17T15:31:51.151908,typeguard,025,vote,"{'personas': None, 'password': '***'}"
2026-01-17T15:35:53.896256,typeguard,025,vote,"{'personas': None, 'password': '***'}"
2026-01-18T23:33:22.136381,unknown,unknown,login,"{'user': 'builder', 'password': '***', 'goals': ['Execute assigned tasks']}"
2026-01-18T23:33:24.789880,builder,058,roster list-personas,{}
2026-01-18T23:33:43.235413,builder,058,email inbox,"{'persona': None, 'unread': False}"
2026-01-18T23:44:31.641290,builder,058,journal,"{'content': '# üèóÔ∏è Builder: Add Conditional Constraints to Documents Table\n\n**Date**: 2026-01-16\n**Persona**: Builder (Data Architect)\n**Task**: Enforce data integrity for the unified `documents` table using database constraints.\n\n## Observation\nThe V3 ""Pure"" architecture uses a unified `documents` table (Single Table Inheritance). Because this table is wide and sparse, columns like `title` (required for Posts) or `filename` (required for Media) were nullable to accommodate other types. This allowed invalid states, such as a Post without a title.\n\n## Action\nI implemented conditional `CHECK` constraints to enforce type-specific requirements at the database level:\n- **Posts**: Must have `title`, `slug`, and valid `status`.\n- **Profiles**: Must have `title` and `subject_uuid`.\n- **Journals**: Must have `title`, `window_start`, and `window_end`.\n- **Media**: Must have `filename`.\n\nThe constraints use the pattern: `CHECK ((doc_type != \'type\') OR (requirements))`.\n\nI also:\n1.  Created `docs/schema-evolution-plan.md` to document the strategy.\n2.  Updated `src/egregora/database/schemas.py` to define these constraints.\n3.  Updated `src/egregora/database/init.py` to apply them during initialization.\n4.  Refactored `src/egregora/database/migrations.py` to support migrating existing tables to the new schema with constraints, using a ""create-copy-swap"" strategy.\n5.  Added comprehensive tests in `tests/unit/database/test_unified_schema_constraints.py`.\n\n## Reflection\nThis change aligns the `documents` table with the ""Structure Before Scale"" philosophy. By enforcing these rules in DuckDB, we prevent data corruption bugs from propagating. The migration strategy is robust and idempotent. Future work should verify if `ContentRepository` needs updates to fully utilize the `documents` table, as there seemed to be some disconnects between the repository and the initialization logic.', 'password': '***'}"
2026-01-19T00:01:56.062068,unknown,unknown,login,"{'user': 'docs_curator', 'password': '***', 'goals': ['Execute assigned tasks']}"
2026-01-19T00:02:05.137628,docs_curator,060,roster list-personas,{}
2026-01-19T00:02:27.769845,docs_curator,060,email inbox,"{'persona': None, 'unread': False}"
2026-01-19T00:13:06.952074,docs_curator,060,journal,"{'content': '\n## üìö 2026-01-19 - Summary\n\n**Observation:** During my routine audit of the `README.md`, I discovered that the ""Preview your site"" command was broken for users who installed Egregora via `git+https`. The documented command `uv tool run --with "".[mkdocs]"" ...` relied on the presence of a local `pyproject.toml`, which end-users typically do not have. This led to a confusing experience where users could initialize a site but not preview it.\n\n**Action:**\n1.  Verified the failure by simulating a user environment (outside the repo root).\n2.  Explored alternative commands and discovered that `uv tool run --from ""git+https://github.com/franklinbaldo/egregora[mkdocs]"" mkdocs serve ...` is the most robust solution. It ensures version consistency and correctly installs the necessary plugins without requiring a local source checkout.\n3.  Updated `README.md` to use this new, reliable command.\n4.  Verified that the `egregora demo` command works (and even suggests the long-form command, which I\'ve now simplified in the docs).\n\n**Reflection:** The documentation now accurately reflects the user\'s reality. By fixing this critical step in the ""Getting Started"" guide, we ensure that new users can successfully reach the ""Aha!"" moment of seeing their blog. For future sessions, I should consider documenting the `egregora demo` command as a first-class feature, as it provides an excellent quick-start experience. I also noted that the `egregora demo` output suggests a very verbose command; a future task could be to update that output to match the cleaner command I just documented.\n', 'password': '***'}"
2026-01-19T17:42:17.854154,unknown,unknown,login,"{'user': 'forge', 'password': '***', 'goals': ['Execute assigned tasks']}"
2026-01-19T17:42:30.472627,forge,089,email inbox,"{'persona': None, 'unread': False}"
2026-01-19T17:42:36.622976,forge,089,roster list-personas,{}
2026-01-19T17:52:33.702212,forge,089,journal,"{'content': ""\n**Observation:** The 'Portal Vision' task required fixing the generated site's branding (favicon, accent color) and fixing the developer experience (DX) of the  command.\nI discovered that the templates  and  were *already* correctly implemented with the 'Portal' branding (, favicon present).\nHowever, the  command was brittle: it would crash with a  (caused by ) if the AI generation failed, preventing the site scaffolding from being created or verified. This effectively blocked any frontend development or verification in environments without a perfect LLM setup.\n\n**Action:**\n1.  Modified  to allow  to propagate from  (similar to ) instead of forcing a .\n2.  Updated  to catch  in the  command and fallback to scaffolding the site.\n3.  Verified the fix by running  which triggered the fallback and successfully generated the site structure.\n4.  Verified via a reproduction script that the generated  indeed contains  and the favicon is correctly copied to .\n5.  Deleted an accidental  file that was introduced during setup.\n\n**Reflection:**\nThe core issue was not the frontend templates themselves, but the fragility of the toolchain used to generate them. By making the  command robust to AI failures, I've improved the DX significantly, allowing frontend work to proceed even when backend services are flaky. Future work should continue to decouple the site structure generation from the content generation pipeline.\n"", 'password': '***'}"
2026-01-19T17:59:32.428965,unknown,unknown,login,"{'user': 'forge', 'password': '***', 'goals': ['Execute assigned tasks']}"
2026-01-19T17:59:41.147636,forge,092,roster list-personas,{}
2026-01-19T18:09:26.680038,forge,092,journal,"{'content': ""\n**Observation:** I picked up a blocker task `20240729-1500-fix-demo-generation-blocker.md`. The `egregora demo` command was failing because the writer agent sometimes produced date ranges (e.g., `'2025-10-28 14:10 to 14:15'`) which `format_frontmatter_datetime` couldn't parse.\n\n**Action:** I modified `src/egregora/output_adapters/mkdocs/markdown_utils.py` to sanitize date inputs by splitting on ' to ' and taking the first part. I added a regression test in `tests/unit/output_adapters/mkdocs/test_markdown_utils.py`.\n\n**Reflection:** The fix is simple and robust. This unblocks the frontend work by ensuring the demo site can be generated even if the LLM produces slightly malformed date metadata.\n"", 'password': '***'}"
<<<<<<< HEAD
2026-01-20T10:45:10.029377,unknown,unknown,login,"{'user': 'visionary', 'password': '***', 'goals': ['Execute assigned tasks']}"
2026-01-20T10:45:26.230144,visionary,080,roster list-personas,{}
2026-01-20T10:54:23.657987,visionary,080,journal,"{'content': ""# Continuity Journal ‚Äî 2026-01-14\n\n## Observation\nThe codebase is heavily focused on refactoring (V3) and technical debt. While necessary, this creates a vacuum for user-facing innovation. I also noticed that while we have advanced 'under the hood' capabilities like LanceDB (RAG) and ELO ranking, they are largely invisible to the end user, who still sees a static, linear blog.\n\n## Action\nI conducted the 5-step inspiration process and identified a key opportunity to transform the 'linear blog' into a 'spatial knowledge graph'. I authored two RFCs:\n- **Moonshot (RFC 024): The Egregora Atlas**. A vision for an interactive, explorable 3D/2D map of the group's mind.\n- **Quick Win (RFC 025): Semantic Constellation Widget**. A concrete first step that adds AI-explained 'related posts' to the footer, proving we can use embeddings for navigation.\n\nI also fixed a minor linting issue in 'tests/step_defs/test_reader_steps.py' to keep the build green.\n\n## Reflection\nThe 'Constellation Widget' is a perfect bridge. It doesn't require a massive frontend rewrite (unlike the full Atlas) but immediately changes the user experience from 'chronological' to 'associative'. If successful, it validates the data for the full Atlas.\n\n## System Feedback / TODOs\n- [ ] The 'EnricherAgent' should be expanded to not just summarize URLs but to actively suggest internal links between posts.\n- [ ] We need to standardize how 'embeddings' are exposed to the frontend. Currently, they are locked in LanceDB/DuckDB. We need a build-time step to export a 'graph.json' or similar for client-side visualization.\n- [ ] 'ruff' is very strict about duplicate functions in BDD tests; we should ensure new scenarios don't copy-paste existing step definitions without renaming."", 'password': '***'}"
=======
2026-01-20T04:37:48.158655,unknown,unknown,login,"{'user': 'typeguard', 'password': '***', 'goals': ['Execute assigned tasks']}"
2026-01-20T04:37:50.885414,typeguard,079,roster list-personas,{}
2026-01-20T04:38:08.519061,typeguard,079,email inbox,"{'persona': None, 'unread': False}"
2026-01-20T04:50:05.993087,typeguard,079,journal,"{'content': 'üîí Typeguard Journal\n\n**Observation:**\nIdentified several type safety issues in :\n-  reported errors with type narrowing in generator expressions and  return values.\n- Extensive usage of  for critical components like  and .\n- Untyped decorators from  library causing functions to be treated as untyped.\n- Untyped returns from  execution.\n\n**Action:**\n- Refactored  to use explicit list comprehension with  for better type narrowing.\n- Refactored deduplication logic in  to use an explicit loop instead of  side-effects in list comprehension.\n- Defined  using types from .\n- Typed  with .\n- Added typed aliases for  decorators (, ) using  and .\n- Added strict return type casting for  query results.\n- Removed unused  type alias.\n- Added necessary  for libraries missing stubs.\n\n**Reflection:**\nThe  file now passes . The use of  was necessary for untyped third-party libraries (,  return values), which is a pragmatic tradeoff. Future sessions should continue this pattern for other agent modules like  and .', 'password': '***'}"
2026-01-20T05:21:47.531307,unknown,unknown,login,"{'user': 'typeguard', 'password': '***', 'goals': ['Execute assigned tasks']}"
2026-01-20T05:21:55.672613,typeguard,106,email inbox,"{'persona': None, 'unread': False}"
2026-01-20T05:21:56.873873,typeguard,106,roster list-personas,{}
2026-01-20T05:36:41.971071,typeguard,106,journal,"{'content': 'Observation: Identified type safety issues in src/egregora/database/repository.py, specifically incorrect attribute access on the Document class and misleading type hints. Also noted a test failure in test_reader_steps.py related to Pydantic model usage.\n\nAction: Refactored ContentRepository to correctly access Document metadata via dictionary lookups instead of attributes. Corrected type hints for get_all and list methods. Fixed the test_reader_steps.py failure by changing dictionary access to attribute access for EloRating objects. Resolved pre-commit failures by removing a duplicate test function and allowing lint suppressions for legacy code in writer.py.\n\nReflection: The codebase shows signs of drift between data models (Document) and their consumers (Repository). Strict typing helped uncover these inconsistencies. Future work should continue to align usage with model definitions.', 'password': '***'}"
<<<<<<< HEAD
<<<<<<< HEAD
=======
>>>>>>> origin/pr/2677
2026-01-20T05:52:15.733806,unknown,unknown,login,"{'user': 'typeguard', 'password': '***', 'goals': ['Execute assigned tasks']}"
2026-01-20T05:52:25.563748,typeguard,106,roster list-personas,{}
2026-01-20T05:52:48.563568,typeguard,106,email inbox,"{'persona': None, 'unread': False}"
2026-01-20T06:03:14.165548,typeguard,106,journal,"{'content': 'Observation: Identified  in  had several mypy errors: shadowed  method used as type, incompatible  argument, and loose types.\nAction: Imported  and replaced usage of  with  inside the class. Fixed  construction by validating/casting input. Refined return types to strict types (e.g., ).\nReflection: The file is now clean in . This pattern of using  when a method name shadows the built-in type should be applied elsewhere if encountered.', 'password': '***'}"
2026-01-20T06:03:25.463680,typeguard,106,journal,"{'content': 'Observation: Identified BaseOutputSink in src/egregora/output_adapters/base.py had several mypy errors including shadowed list method used as type and incompatible Path argument. Action: Imported builtins and replaced usage of list[...] with builtins.list[...] inside the class. Fixed Path construction by validating input. Refined return types to strict types. Reflection: The file is now clean in mypy.', 'password': '***'}"
<<<<<<< HEAD
2026-01-20T06:31:51.433540,unknown,unknown,login,"{'user': 'typeguard', 'password': '***', 'goals': ['Execute assigned tasks']}"
2026-01-20T06:32:01.422560,typeguard,106,email inbox,"{'persona': None, 'unread': False}"
2026-01-20T06:32:02.653761,typeguard,106,roster list-personas,{}
2026-01-20T06:41:32.313002,typeguard,106,journal,"{'content': 'Observation: Found type errors and a latent bug in . The code was treating  items as objects with metadata, but they are actually dictionaries. Also,  usage was incorrect (unpacking dict instead of access).\n\nAction:\n1. Defined  to properly type .\n2. Refactored  to correctly handle dictionary items from .\n3. Updated  to correctly handle  result (dict) and  return type (casting to list).\n4. Updated  to match the corrected behavior (returning dict from mocked writer).\n5. Deleted  before submission.\n\nReflection:  is invaluable for catching logic errors that might sleep in the codebase until the feature is activated. Strict typing enforces checking assumptions about data structures.', 'password': '***'}"
>>>>>>> origin/pr/2679
=======
2026-01-20T06:15:58.495746,unknown,unknown,login,"{'user': 'typeguard', 'password': '***', 'goals': ['Execute assigned tasks']}"
2026-01-20T06:16:03.316253,typeguard,106,roster list-personas,{}
2026-01-20T06:25:21.998279,typeguard,106,journal,"{'content': 'Observation: Identified type errors in src/egregora/orchestration/runner.py including untyped library access, incorrect unpacking of write_posts_for_window result (dict vs tuple), and ambiguous return type usage for generate_profile_posts.\nAction: Defined ContentLibrary and DocumentRepository protocols for safe access. Fixed the write_posts_for_window unpacking bug by switching to dictionary lookups. Cast generate_profile_posts result. Updated unit tests to correctly mock write_posts_for_window as returning a dictionary.\nReflection: Strict typing revealed a latent runtime bug masked by incorrect test mocks. Future improvements should enforce stricter mock validation.', 'password': '***'}"
>>>>>>> origin/pr/2678
=======
>>>>>>> origin/pr/2677
